{"cameraMode":{"drawMode":0,"name":"Shaded","section":"Shading Mode"},"sceneLighting":true,"audioPlay":false,"sceneViewState":{"m_AlwaysRefresh":false,"showFog":true,"showSkybox":true,"showFlares":true,"showImageEffects":true,"showParticleSystems":true,"showVisualEffectGraphs":true,"m_FxEnabled":true},"in2DMode":false,"pivot":{"x":-0.16802310943603517,"y":0.9261776208877564,"z":1.2482091188430787},"rotation":{"x":0.09988223016262055,"y":0.8082520365715027,"z":-0.143580824136734,"w":0.5622610449790955},"size":1.5628520250320435,"orthographic":false}